<resources>

    <style name="TextPrimary">
        <item name="android:textColor">@color/primary_text_color</item>
        <item name="android:textSize">16sp</item>
        <item name="android:fontFamily">sans-serif-light</item>
    </style>

    <style name="TextSecondary">
        <item name="android:textColor">@color/secondary_text_color</item>
        <item name="android:textSize">12sp</item>
        <item name="android:fontFamily">sans-serif-light</item>
    </style>

    <style name="PlayerShowDJText">
        <item name="android:textColor">@color/secondary_text_color_inverse</item>
        <item name="android:textSize">20sp</item>
        <item name="android:fontFamily">sans-serif-light</item>
    </style>

</resources>
