<?xml version="1.0" encoding="utf-8"?>
<resources>

    <string name="app_name">Radio UTD</string>
    <string name="drawer_title_listen">Listen</string>
    <string name="drawer_title_shows">Shows</string>
    <string name="drawer_title_social">Social</string>
    <string name="navigation_drawer_open">Open navigation drawer</string>
    <string name="navigation_drawer_close">Close navigation drawer</string>
    <string name="action_example">Example action</string>
    <string name="action_settings">Settings</string>
    <string name="current_show">Loading...</string>
    <string name="current_playing">Loading...</string>
    <string name="disconnect_msg_title">Aw geez!</string>
    <string name="disconnect_msg_text">I can\'t find the internet</string>

</resources>
