<resources>

    <!-- Base application theme. -->
    <style name="AppTheme" parent="Theme.AppCompat.NoActionBar">
        <!-- Customize your theme here. -->
        <item name="android:windowBackground">@color/windowBackground</item>
        <item name="colorPrimary">@color/colorPrimary</item>
        <item name="colorPrimaryDark">@color/colorPrimaryDark</item>
        <item name="colorAccent">@color/colorAccent</item>
        <item name="drawerArrowStyle">@style/DrawerArrowStyle</item>
    </style>

    <!-- Enables spinny burger-arrow nav drawer icon -->
    <style name="DrawerArrowStyle" parent="Widget.AppCompat.DrawerArrowToggle">
        <item name="spinBars">true</item>
        <item name="color">@android:color/white</item>
    </style>

    <style name="AppTheme.NavDrawer">
        <item name="android:background">@color/nav_list_bg</item>
    </style>

    <style name="AppTheme.NavDrawer.Item">
        <item name="android:textSize">20sp</item>
        <item name="android:background">@drawable/nav_list_item_bg</item>
        <item name="android:textColor">@color/primary_text_color</item>
    </style>

    <!-- TODO: Change this on larger layouts like landscape -->
    <style name="ThumbnailCardGrid">
        <item name="android:numColumns">1</item>
    </style>

    <style name="PlayerBar">
        <item name="android:background">@color/player_main_color</item>
    </style>

    <style name="PlayerButton">
        <item name="android:background">@color/colorPrimary</item>
        <item name="android:paddingLeft">10dp</item>
        <item name="android:layout_margin">5dp</item>
    </style>

    <style name="NotificationTextPrimary" parent="android:TextAppearance.StatusBar.EventContent.Title"></style>

    <style name="NotificationTextSecondary" parent="android:TextAppearance.StatusBar.EventContent"></style>

    <style name="TextPrimary">
        <item name="android:textColor">@color/primary_text_color</item>
        <item name="android:textSize">16sp</item>
    </style>

    <style name="TextSecondary">
        <item name="android:textColor">@color/secondary_text_color</item>
        <item name="android:textSize">12sp</item>
    </style>

    <style name="TextTertiary">
        <item name="android:textColor">@color/tertiary_text_color</item>
        <item name="android:textSize">12sp</item>
    </style>

    <style name="TextPrimary.Large" parent="TextPrimary">
        <item name="android:textSize">24sp</item>
    </style>

    <style name="TextSecondary.Large" parent="TextSecondary">
        <item name="android:textSize">16sp</item>
    </style>

    <style name="TextTertiary.Large" parent="TextTertiary">
        <item name="android:textSize">16sp</item>
    </style>

    <style name="PlayerShowTitleText">
        <item name="android:textColor">@color/primary_text_color_inverse</item>
        <item name="android:textSize">34sp</item>
    </style>

    <style name="PlayerShowDJText">
        <item name="android:textColor">@color/secondary_text_color_inverse</item>
        <item name="android:textSize">20sp</item>
    </style>

    <style name="FABPaddingFix">
        <item name="android:layout_marginTop">-36dp</item>
    </style>

</resources>
