<?xml version="1.0" encoding="utf-8"?>
<layer-list xmlns:android="http://schemas.android.com/apk/res/android">
    <item>
        <shape android:shape="rectangle"
            android:dither="true">

            <corners android:radius="2dp"/>

            <solid android:color="@color/card_shadow" />

        </shape>
    </item>

    <item android:bottom="2dp">
        <shape android:shape="rectangle"
            android:dither="true">

            <corners android:radius="2dp" />

            <solid android:color="@color/card_color"/>
        </shape>
    </item>
</layer-list>